{
  "step_quantiles": {
    "q10": 0.02638811059296131,
    "q25": 0.06609541177749634,
    "q33": 0.08860637992620468,
    "q50": 0.14950919151306152,
    "q66": 0.24159468710422516,
    "q75": 0.31975269317626953,
    "q90": 0.5703161358833313,
    "q95": 0.7620482444763184
  },
  "volatility_thresholds": {
    "q25": 0.1692115068435669,
    "q50": 0.2418486773967743,
    "q75": 0.3117942214012146,
    "q90": 0.4298408627510071
  },
  "prominence_thresholds": {
    "min": 0.0889176607131958,
    "sharp": 0.444588303565979,
    "extreme": 0.889176607131958
  }
}